want,new,nokia,3510i,colour,phone,deliveredtomorrow,free,minute,mobile,free,text,free,camcorder,reply,call
private,account,statement,show,unredeemed,sim,point,call,identifier,code,expires
call,germany,penny,per,minute,call,fixed,line,via,access,number,prepayment,direct,access
sexy,single,waiting,text,age,followed,gender,wither,f,eg23f,gay,men,text,age,followed,g,eg23g
sm,ac,sun0819,post,helloyou,seem,cool,stalking,ringtoneking
thanks,ringtone,order,reference,t91,charged,gbp,per,week,unsubscribe,anytime,calling,customer,service
great,new,offer,double,min,double,txt,best,orange,tariff,get,latest,camera,phone,free,call,mobileupd8,free,reache,tc,ringtoneking
want,new,video,handset,anytime,network,min,half,price,line,rental,camcorder,reply,call,delivery,tomorrow
4mths,half,price,orange,line,rental,latest,camera,phone,free,phone,11mths,call,mobilesdirect,free,update,or2stoptxt
winner,specially,selected,receive,å1000,cash,å2000,award,speak,live,operator,claim,call,087147123779am7pm,cost,10p
private,account,statement,show,unredeemed,point,call,identifier,code,expires,hank,hsbc
brand,new,mobile,music,service,live,free,music,player,arrive,shortly,install,phone,browse,content,top,artist
loan,purpose,å500,å75000,homeowner,tenant,welcome,previously,refused,still,help,call,free,text,back,help
current,leading,bid,pause,auction,send,customer,care,fredericksburg,pocked,ringtoneking,146tf150p
know,someone,know,fancy,call,find,pobox,ls15hb,150p,hank,wallpaperall,146tf150p,6times
loan,purpose,å500,å75000,homeowner,tenant,welcome,previously,refused,still,help,call,free,text,back,help
u,win,å100,music,gift,voucher,every,week,starting,txt,word,draw,tscs,wwwidewcom,skillgame,1winaweek,age16,150ppermesssubscription
private,account,statement,show,unredeemed,sim,point,call,identifier,code,expires
ringtoneking,beerage,staffsciencenusedusgphyhcmkteachingpc1323
call,listen,extreme,dirty,live,chat,going,office,right,total,privacy,one,know,sic,listening,60p,min,247mp
sm,service,inclusive,text,credit,pls,goto,wwwcomuknet,login,unsubscribe,stop,extra,charge,help08700469649,po,box420,ip4,5we,stalking,kkcongratulation
december,mobile,11mths,entitled,update,latest,colour,camera,mobile,free,call,mobile,update,co,free
new,mobile,must,go,txt,nokia,collect,today,å1,www4tcbiz,2optout,08718726270150gbpmtmsg18,txtauction,combination,stalking
private,account,statement,show,unredeemed,point,call,identifier,code,expires,hank,hsbc
text,meet,someone,sexy,today,u,find,date,even,flirt,u,join,10p,reply,name,age,eg,sam,msg,recdthirtyeight,penny
urgent,mobile,077xxx,å2000,bonus,caller,prize,2nd,attempt,reach,call,asap,box97n7qp,150ppm
loan,purpose,even,bad,credit,tenant,welcome,call,noworriesloanscom,lmaonice,fps
tried,contact,response,offer,new,nokia,fone,camcorder,hit,reply,call,delivery
u,get,phone,wan,na,chat,set,meet,call,u,cum,2moro,luv,jane,xx,callså1minmoremobsemspobox45po139wa,combination,stalking
guaranteed,å1000,cash,å2000,prize,claim,yr,prize,call,customer,service,representative,10am7pm
important,information,orange,user,0796xxxxxx,today,ur,lucky,day2,find,log,onto,httpwwwurawinnercom,there,fantastic,prizeawaiting,stalking,cashbincouk
well,done,costa,del,sol,holiday,å5000,await,collection,call,toclaim,sae,tc,pobox334,stockport,sk38xh,costå150pm,max10mins
today,vodafone,number,ending,0089my,last,four,digit,selected,received,å350,award,number,match,please,call,claim,å350,award
new,voicemail,please,call,beerage,gwr
welcome,select,o2,service,added,benefit,call,specially,trained,advisor,free,mobile,dialling
camera,awarded,sipix,digital,camera,call,fromm,landline,delivery,within,day
winner,valued,network,customer,selected,receivea,å900,prize,reward,claim,call,claim,code,kl341,valid,hour
ur,cashbalance,currently,pound,maximize,ur,cashin,send,go,150pmeg,cc,hgsuite3422lands,roww1j6hl
reminder,downloaded,content,already,paid,goto,httpdoit,mymoby,tv,kettoda,content,neshanthtel
dear,dave,final,notice,collect,tenerife,holiday,cash,award,call,landline,tc,sae,box326,cw25wx,150ppm
free,1st,week,no1,nokia,tone,ur,mob,every,week,txt,nokia,get,txting,tell,ur,mate,wwwgetzedcouk,pobox,w45wq,norm150ptone
double,min,double,txt,price,linerental,latest,orange,bluetooth,mobile,call,mobileupd8,latest,offer,call2optoutlf56
welcome,ukmobiledate,msg,free,giving,free,calling,future,mg,billed,150p,daily,cancel,send,go,stop,pocked,lmaonice
mobile,month,u,r,entitled,update,latest,colour,mobile,camera,free,call,mobile,update,co,free
rgent,2nd,attempt,contact,uu,å1250,call,b4,tcsbcm4235wc1n3xx,callcost,150ppm,mobilesvary,maxå7
account,credited,free,text,message,activate,txt,word,credit,tc,www80488biz
hack,chat,get,backdoor,entry,pls,room,fraction,cost,reply,neo69,call,subscribe,25p,pm,dp,bcm,box,ldn,wc1n3xx,stalking
guaranteed,å1000,cash,å2000,prize,claim,yr,prize,call,customer,service,representative,10am7pm,cost,10p
tell,u,call,claim,å5000,prize,u,enter,ur,mobile,personal,detail,prompt,careful,beerage,combination
credit,topped,httpwwwbubbletextcom,renewal,pin,tgxxrz,beerage,fps
back,work,2morro,half,term,u,c,2nite,sexy,passion,b4,go,back,chat,luv,dena,call,å1minmobsmorelkpobox177hp51fl,pocked,physic,september,anjolas
urgent,mobile,number,awarded,å2000,prize,guaranteed,call,land,line,claim,valid,12hrs,150ppm
nokia,7250i,get,win,free,auction,take,part,send,nokia,hgsuite3422lands,roww1jhl
check,choose,babe,video,smsshsexnetun,fgkslpopw,fgkslpo,6times,6times
kick,new,season,2wks,free,goal,news,ur,mobile,txt,ur,club,name,eg,villa
sppok,ur,mob,halloween,collection,nokia,logopic,message,plus,free,eerie,tone,txt,card,spook
today,offer,claim,ur,å150,worth,discount,voucher,text,yes,savamob,member,offer,mobile,c,å300,sub,unsub,reply,x,cashbincouk,stalking
urgent,please,call,abta,complimentary,spanish,holiday,å10000,cash,await,collection,sae,tc,box,po19,2ez,150ppm
cashbincouk,get,lot,cash,weekend,wwwcashbincouk,dear,welcome,weekend,got,biggest,best,ever,cash,give,away
wwwapplausestorecom,monthlysubscription50pmsg,max6month,tcsc,web,age16,2stop,txt,stop
lord,ringsreturn,king,store,nowreply,lotr,june,chance,win,lotr,soundtrack,cd,stdtxtrate,reply,stop,end,txts
people,dogging,area,call,join,like,minded,guy,arrange,there,evening,aå150,minapn,ls278bb
final,chance,claim,ur,å150,worth,discount,voucher,today,text,yes,savamob,member,offer,mobile,c,savamob,pobox84,m263uz,å300,sub
chosen,receive,å350,award,pls,call,claim,number,collect,award,selected,receive,valued,mobile,customer
win,winner,mr,foley,ipod,exciting,prize,soon,keep,eye,ur,mobile,visit,wwwwin82050couk
hot,live,fantasy,call,20p,per,min,ntt,ltd,po,box,croydon,cr9,5wb,0870k,gwr,wallpaperall
free,top,ringtone,sub,weekly,ringtoneget,1st,week,freesend,subpoly,per,weekstop,sms08718727870
jamster,get,free,wallpaper,text,heart,tc,apply,need,help,call
congratulation,thanks,good,friend,u,å2000,xmas,prize,claim,easy,call,10p,per,minute,btnationalrate
freeringtone,reply,real,poly,eg,real1,pushbutton,dontcha,babygoodbye,golddigger,webeburnin,1st,tone,free,u,join,å3wk
urgent,mobile,07xxxxxxxxx,å2000,bonus,caller,prize,2nd,attempt,reach,call,asap,combination,kkapo
chance,reality,fantasy,show,call,20p,per,min,ntt,ltd,po,box,croydon,cr9,5wb,national,rate,call,hsbc,ringtoneking
lookatme,thanks,purchase,video,clip,lookatme,youve,charged,35p,think,better,send,video,mmsto
accordingly,repeat,text,word,ok,mobile,phone,send,ringtoneking,146tf150p
u,secret,admirer,looking,make,contact,ufind,rreveal,think,ur,specialcall,gwr,combination
yes,place,town,meet,exciting,adult,single,uk,txt,chat,150pmsg,scratching,whenwhere
xmas,iscoming,ur,awarded,either,å500,cd,gift,voucher,free,entry,r,å100,weekly,draw,txt,music,tnc,wwwldewcom1win150ppmx3age16subscription
forwarded,88877free,entry,å250,weekly,comp,send,word,enter,tc,wwwtextcompcom
goldviking,29m,inviting,friend,reply,yes762,no762,see,wwwsmsacugoldviking,stop,send,stop,frnd
ur,chance,win,å250,wkly,shopping,spree,txt,shop,tscs,wwwtxt2shopcom,custcare,1x150pwk,lmaonice,anjolas
guess,somebody,know,secretly,fancy,wan,na,find,give,u,call,landline,datebox1282essexcm61xn,150pmin
urgent,please,call,landline,å5000,cash,luxury,canary,island,holiday,await,collection,tc,sae,award,20m12aq,150ppm,ûï,physic,lmaonice
sorry,missed,call,let,talk,time,im,fps,stalking,coughing,fps
free,text,msg,text,ok,well,credit,account,ringtoneking,pocked,beerage
dear,matthew,please,call,landline,complimentary,4lux,tenerife,holiday,å1000,cash,await,collection,ppm150,sae,tc,box334,sk38xh
please,call,amanda,regard,renewing,upgrading,current,tmobile,handset,free,charge,offer,end,today,tel,subject,t,c,fps,kkcongratulation
valentine,day,special,win,å1000,quiz,take,partner,trip,lifetime,send,go,150pmsg,rcvd,custcare08718720201
selected,stay,top,british,hotel,nothing,holiday,worth,å350,claim,call,london,bx,sw73ss
new,tone,week,include,1mcflyall,ab,sara,jorgeshock,smithswitch,order,follow,instruction,next,message,fps,neshanthtel
get,brand,new,mobile,phone,agent,mob,plus,load,goody,info,text,mat
themobhit,link,get,premium,pink,panther,game,new,sugababes,crazy,zebra,animation,badass,hoody,wallpaperall,free
urgent,2nd,attempt,contact,uu,å1250,call,b4,tcsbcm4235wc1n3xx,callcost,150ppm,mobilesvary,maxå7
get,garden,ready,summer,free,selection,summer,bulb,seed,worth,å3350,scotsman,saturday,stop,go2,notxtcouk,beerage,cashbincouk
thanks,vote,sing,along,star,karaoke,mobile,free,link,reply,sing
freemsg,txt,call,claim,reward,hour,talk,time,use,phone,subscribe6gbpmnth,inc,3hrs,stoptxtstop
cmon,babe,make,horny,turn,txt,fantasy,babe,im,hot,sticky,need,reply,cost,å150,cancel,send,stop
message,important,information,o2,user,today,lucky,day,find,log,onto,httpwwwurawinnercom,fantastic,surprise,awaiting
important,customer,service,announcement,premier,fps,beerage,operate,lmaonice
hi,ibh,customer,loyalty,offer,new,nokia6600,mobile,å10,txtauctiontxt,wordstart,no81151,get,now4t
want,new,nokia,3510i,colour,phone,delivered,tomorrow,free,minute,mobile,free,text,free,camcorder,reply,call
freemsg,awarded,free,mini,digital,camera,reply,snap,collect,prize,quizclub,opt,stop,80122300pwk,sprwm,ph08704050406
moby,pub,quizwin,å100,high,street,prize,u,know,new,duchess,cornwall,txt,first,name,82277unsub,stop,å150,reache,arrow,fps
please,call,immediately,urgent,message,waiting,kkcongratulation,beerage
å400,xmas,reward,waiting,computer,randomly,picked,loyal,mobile,customer,receive,å400,reward,call,stalking,stalking
tried,call,reply,sm,video,mobile,min,unlimited,text,free,camcorder,reply,call
sim,subscriber,selected,receive,bonus,get,delivered,door,txt,word,ok,claim,150pmsg,exp,30apr
u,secret,admirer,reveal,think,u,r,special,call,opt,reply,reveal,stop,per,msg,recd,cust,care,coughing,neshanthtel
new,textbuddy,chat,horny,guy,ur,area,25p,free,receive,search,postcode,gaytextbuddycom,txt,one,name
new,message,call,lmaonice,operate,vivek
fantasy,football,back,tv,go,sky,gamestar,sky,active,play,å250k,dream,team,scoring,start,saturday,register,nowsky,opt
httptms,widelivecomindex,wmlid820554ad0a1705572711firsttrueåác,c,ringtoneåá
join,uk,horniest,dogging,service,u,sex,2nite,sign,follow,instruction,txt,entry,nytec2a3lpmsg150p,stalking,physic
thanks,ringtone,order,reference,number,x49your,mobile,charged,tone,arrive,please,call,customer,service
moby,pub,quizwin,å100,high,street,prize,u,know,new,duchess,cornwall,txt,first,name,82277unsub,stop,å150,reache,fps
dorothykiefercom,bank,granite,issue,strongbuy,explosive,pick,member,nasdaq,symbol,cdgt,per
dear,voucher,holder,claim,week,offer,pc,please,go,httpwwwetlpcoukexpressoffer,tscs,apply,stop,text,txt,stop
today,voda,number,ending,selected,receive,award,hava,match,please,call,quoting,claim,code,standard,rate,app
ur,ringtone,service,changed,free,credit,go,club4mobilescom,choose,content,stop,txt,club,stop,150pwk,pee,po,box1146,mk45,2wt,stalking
ur,cashbalance,currently,pound,maximize,ur,cashin,send,cash,150pmsg,cc,hgsuite3422lands,roww1j6hl
panasonic,bluetoothhdset,free,nokia,free,motorola,free,doublemins,doubletxt,orange,contract,call,mobileupd8,call,2optout
urgent,week,free,membership,å100000,prize,jackpot,txt,word,claim,tc,wwwdbuknet,lccltd,pobox,4403ldnw1a7rw18
day,euro2004,kickoff,u,kept,informed,latest,news,result,daily,unsubscribe,send,get,euro,stop
sunshine,quiz,wkly,q,win,top,sony,dvd,player,u,know,country,algarve,txt,ansr,å150,sptyrone
hi,2nights,ur,lucky,night,uve,invited,xchat,uk,wildest,chat,txt,chat,150pmsgrcvdhgsuite3422landsroww1j6hl,ldn,18yrs
customer,loyalty,offerthe,new,nokia6650,mobile,å10,txtauction,txt,word,start,get,4tctxt,tc,150pmtmsg,fps,physic
hello,orange,month,free,access,game,news,sport,plus,free,text,photo,message,reply,yes,term,apply,wwworangecoukow,stalking,lmaonice
december,mobile,11mths,entitled,update,latest,colour,camera,mobile,free,call,mobile,update,co,free
ur,cashbalance,currently,pound,maximize,ur,cashin,send,cash,150pmsg,cc,po,box,tcrw1
well,done,costa,del,sol,holiday,å5000,await,collection,call,toclaim,sae,tc,pobox334,stockport,sk38xh,costå150pm,max10mins
please,call,customer,service,representative,freephone,9am11pm,guaranteed,å1000,cash,å5000,prize
ur,balance,å500,ur,next,question,sang,uptown,girl,80,answer,txt,ur,answer,good,luck,fps,stalking
complimentary,star,ibiza,holiday,å10000,cash,need,urgent,collection,landline,lose,box434sk38wp150ppm18,gwr,eldest
want,anytime,network,min,text,new,video,phone,five,pound,per,week,call,reply,delivery,tomorrow
babe,u,want,dont,u,baby,im,nasty,thing,filthyguys,fancy,rude,time,sexy,bitch,go,slo,n,hard,txt,xxx,slo4msgs,cashbincouk,6times
someone,u,know,asked,dating,service,contact,cant,guess,call,revealed,po,box385,m6,6wu,combination,beerage
awarded,sipix,digital,camera,call,landline,delivery,within,28days,c,box177,m221bp,2yr,warranty,150ppm,p,på399,146tf150p,coughing
wan2,win,meetgreet,westlife,u,m8,currently,tour,1unbreakable,2untamed,3unkempt,text,cost,50p,std,text
free,1st,week,no1,nokia,tone,ur,mobile,every,week,txt,nokia,get,txting,tell,ur,mate,wwwgetzedcouk,pobox,w45wq,norm150ptone
2nd,time,tried,contact,u,u,å400,prize,claim,easy,call,10p,per,minute,btnationalrate
okmail,dear,dave,final,notice,collect,tenerife,holiday,cash,award,call,landline,tc,sae,box326,cw25wx,150ppm
sunshine,quiz,wkly,q,win,top,sony,dvd,player,u,know,country,liverpool,played,mid,week,txt,ansr,å150,sptyrone
guess,somebody,know,secretly,fancy,wan,na,find,give,u,call,landline,datebox1282essexcm61xn,150pmin
congrats,mobile,3g,videophones,r,call,videochat,wid,ur,mate,play,java,game,dload,polyh,music,noline,rentl,bx420,ip4,5we,150pm
1000,girl,many,local,u,r,virgin,r,ready,4fil,ur,every,sexual,need,u,4fil,text,cute,69911å150p,physic,fps
spook,mob,halloween,collection,logo,pic,message,plus,free,eerie,tone,txt,card,spook,zed,08701417012150p,per,logopic
send,logo,ur,lover,name,joined,heart,txt,love,name1,name2,mobno,eg,love,adam,eve,yahoo,pobox36504w45wq,txtno,ad,150p
freemessage,jamsterget,crazy,frog,sound,poly,text,mad1,real,text,mad2,crazy,sound,gbpweek,16only,tc,apply
congrats,nokia,video,camera,phone,call,call,cost,150ppm,ave,call,3mins,vary,mobile,close,post,bcm4284,ldn,wc1n3xx
youll,rcv,msg,chat,svc,free,hardcore,service,text,go,u,get,nothing,u,must,age,verify,yr,network,try
ur,cashbalance,currently,pound,maximize,ur,cashin,send,go,150pmsg,cc,hgsuite3422lands,roww1j6hl
update_now,12mths,half,price,orange,line,rental,400minscall,mobileupd8,call2optoutj5q,stalking,coughing
eastenders,tv,quiz,flower,dot,compare,violet,e,tulip,f,lily,txt,e,f,chance,win,å100,cash,wkent150p16
u,subscribed,best,mobile,content,service,uk,å3,per,ten,day,send,stop,helpline
free,video,camera,phone,half,price,line,rental,mths,cross,ntwk,min,txts,call,mobileupd8,call2optout674,fatty,whenwhere
upgrdcentre,orange,customer,may,claim,free,camera,phone,upgrade,loyalty,call,offer,end,26th,july,tc,apply,optout,available
chance,reality,fantasy,show,call,20p,per,min,ntt,ltd,po,box,croydon,cr9,5wb,national,rate,call,hsbc,ringtoneking
free,entry,å250,weekly,competition,text,word,win,tc,wwwtxttowincouk,gwr,beerage
free,msg,sorry,service,ordered,could,delivered,sufficient,credit,please,top,receive,service
urgent,mobile,number,å2000,bonus,caller,prize,2nd,attempt,reach,claim,asap,box,97n7qp,150ppm,pocked
xmas,new,year,eve,ticket,sale,club,day,10am,till,8pm,thurs,fri,sat,night,week,theyre,selling,fast
last,chance,claim,ur,å150,worth,discount,voucher,today,text,shop,savamob,offer,mobile,c,savamob,pobox84,m263uz,å300,sub,stalking,anjolas
registered,optin,subscriber,ur,draw,å100,gift,voucher,entered,receipt,correct,an,whats,no1,bbc,chart
freemsg,today,day,ready,im,horny,live,town,love,sex,fun,game,netcollex,ltd,08700621170150p,per,msg,reply,stop,end,6times,fps
please,call,immediately,urgent,message,waiting,kkcongratulation,beerage
january,male,sale,hot,gay,chat,cheaper,call,national,rate,15pmin,cheap,78pmin,peak,stop,text,call,10pmin
25p,alfie,moon,child,need,song,ur,mob,tell,ur,m8s,txt,tone,charity,nokias,poly,charity,polys,zed,profit,charity
new,message,please,call,kkcongratulation,scratching
dear,0776xxxxxxx,uve,invited,xchat,final,attempt,contact,u,txt,chat,150pmsgrcvdhgsuite3422landsroww1j6hl,ldn,18yrs
freemsg,record,indicate,may,entitled,pound,accident,claim,free,reply,yes,msg,opt,text,stop
please,call,customer,service,representative,10am9pm,guaranteed,å1000,cash,å5000,prize
urgent,please,call,landline,å5000,cash,luxury,canary,island,holiday,await,collection,tc,sae,po,box,m227xy,150ppm,stalking,kkcongratulation
simpson,movie,released,july,name,band,died,start,film,agreen,day,bblue,day,cred,day,send,b,c
bloomberg,message,center,wait,apply,future,httpcareers,bloombergcom,ringtoneking,stalking
congratulation,ur,awarded,either,å500,cd,gift,voucher,free,entry,å100,weekly,draw,txt,music,tncs,wwwldewcom,win150ppmx3age16
important,information,orange,user,0789xxxxxxx,today,lucky,day2find,log,onto,httpwwwurawinnercom,there,fantastic,surprise,awaiting,stalking,stalking
ur,cashbalance,currently,pound,maximize,ur,cashin,send,go,150pmsg,cc,po,box,tcrw1
got,take,take,part,wrc,rally,oz,u,lucozade,energy,text,rally,le,25p,see,pack,lucozadecoukwrc,itcould,u
dont,prize,go,another,customer,tc,wwwtcbiz,150pmin,polo,ltd,suite,london,w1j,6hl,please,call,back,busy,september,lmaonice
u,secret,admirer,looking,make,contact,ufind,rreveal,think,ur,specialcall,gwr,combination
b4u,voucher,wc,marsms,log,onto,wwwb4utelecom,discount,credit,opt,reply,stop,customer,care,call
want,funk,ur,fone,weekly,new,tone,reply,tones2u,text,wwwringtonescouk,original,n,best,tone,3gbp,network,operator,rate,apply,stalking,lmaonice
congrats,year,special,cinema,pas,call,c,suprman,v,matrix3,starwars3,etc,free,bx420ip45we,150pm,dont,miss
congrats,mobile,3g,videophones,r,call,videochat,wid,ur,mate,play,java,game,dload,polyph,music,noline,rentl,bx420,ip4,5we,150p
sm,ac,blind,date,4u,rodds1,21m,aberdeen,united,kingdom,check,httpimg,sm,acwicmb3cktz8r74,blind,date,send,hide
hottest,pic,straight,phone,see,getting,wet,wanting,xx,text,pic,txt,sigh,150p,textoperator,g696ga,xxx,physic
send,logo,ur,lover,name,joined,heart,txt,love,name1,name2,mobno,eg,love,adam,eve,yahoo,pobox36504w45wq,txtno,ad,150p
urgent,ur,awarded,complimentary,trip,eurodisinc,trav,acoentry41,å1000,claim,txt,dis,186å150morefrmmob,shracomorsglsuplt10,ls1,3aj,pocked
urgent,mobile,awarded,å1500,bonus,caller,prize,final,attempt,contact,u,call
burger,king,wan,na,play,footy,top,stadium,get,burger,king,1st,sept,go,large,super,cocacola,walk,winner,beerage,146tf150p
record,indicate,u,maybe,entitled,pound,compensation,accident,claim,free,reply,claim,msg,stop,txt,stop
freemsg,havent,replied,text,im,randy,sexy,female,live,local,luv,hear,u,netcollex,ltd,08700621170150p,per,msg,reply,stop,end,hsbc,ringtoneking
hot,live,fantasy,call,20p,per,min,hunny,ltd,po,box,croydon,cr9,5wb,national,rate,call,stalking
sm,auction,brand,new,nokia,auction,today,auction,free,join,take,part,txt,nokia,physic,anjolas
hello,darling,today,would,love,chat,dont,tell,look,like,sexy
dont,know,u,u,dont,know,send,chat,let,find,150pmsg,rcvd,hgsuite3422landsroww1j6hl,ldn,year,combination,wallpaperall
received,mobile,content,enjoy,kkcongratulation,coughing
hi,babe,chloe,r,u,smashed,saturday,night,great,weekend,u,missing,sp,visionsmscom,text,stop,stop,150ptext
xmas,prize,draw,trying,contact,u,today,draw,show,å2000,prize,guaranteed,call,land,line,valid,12hrs
six,chance,win,cash,pound,txt,csh11,send,cost,150pday,6days,tsandcs,apply,reply,hl,info
tried,contact,reply,offer,min,textand,new,video,phone,call,reply,free,delivery,tomorrow
update_now,xmas,offer,latest,motorola,sonyericsson,nokia,free,bluetooth,double,min,txt,orange,call,mobileupd8,call2optoutf4q
4mths,half,price,orange,line,rental,latest,camera,phone,free,phone,11mths,call,mobilesdirect,free,update,or2stoptxt,tc
thanks,ringtone,order,ref,number,r836,mobile,charged,å450,tone,arrive,please,call,customer,service
ur,balance,å600,next,question,complete,landmark,big,bob,b,barry,c,ben,text,b,c,good,luck
urgent,2nd,attempt,contact,uu,å1000call,b4,300603tcsbcm4235wc1n3xxcallcost150ppmmobilesvary,maxå7,combination,anjolas
wow,boy,r,back,take,uk,tour,win,vip,ticket,prebook,vip,club,txt,club,trackmarque,ltd,infovipclub4u,physic,146tf150p
xmas,offer,latest,motorola,sonyericsson,nokia,free,bluetooth,dvd,double,min,txt,orange,call,mobileupd8,call2optout4qf2,fps,stalking
please,call,immediately,urgent,message,waiting,kkcongratulation,beerage
hear,new,divorce,barbie,come,ken,stuff,6times,fatty
auction,round,highest,bid,å54,next,maximum,bid,å71,bid,send,bid,e,g,bid,å10,good,luck
u,r,subscribed,textcomp,wkly,comp,1st,wks,free,question,follows,subsequent,wks,charged150pmsg2,unsubscribe,txt,stop,84128custcare
free,1st,week,entry,textpod,chance,win,40gb,ipod,å250,cash,every,wk,txt,vpod,tscs,wwwtextpodnet,custcare
natalja,25f,inviting,friend,reply,yes440,no440,see,wwwsmsacunat27081980,stop,send,stop,frnd
please,call,customer,service,representative,freephone,9am11pm,guaranteed,å1000,cash,å5000,prize
ur,going,bahamas,callfreefone,speak,live,operator,claim,either,bahamas,cruise,ofå2000,cash,18only,opt,txt,x
free,entry,weekly,comp,chance,win,ipod,txt,pod,get,entry,std,txt,rate,tc,apply,detail
reply,name,address,receive,post,week,completely,free,accommodation,various,global,location,wwwphb1com,ph08700435505150p,combination,neshanthtel
sm,ac,jsco,energy,high,u,may,know,2channel,2day,ur,leadership,skill,r,strong,psychic,reply,an,wquestion,end,reply,end,jsco,physic,staffsciencenusedusgphyhcmkteachingpc1323,september,146tf150p
realize,year,well,thousand,old,lady,running,around,tattoo,stalking,146tf150p
mobile,club,choose,top,quality,item,mobile,7cfca1a,hsbc,lmaonice
urgent,mobile,number,awarded,å2000,bonus,caller,prize,call,land,line,valid,12hrs
guaranteed,latest,nokia,phone,40gb,ipod,mp3,player,å500,prize,txt,word,collect,ibhltd,ldnw15h,150pmtmsgrcvd18
bloomberg,message,center,wait,apply,future,httpcareers,bloombergcom,ringtoneking,stalking
next,amazing,xxx,picsfree1,video,sent,enjoy,one,vid,enough,2day,text,back,keyword,picsfree1,get,next,video
